{"cameraMode":{"drawMode":0,"name":"Shaded","section":"Shading Mode"},"sceneLighting":true,"audioPlay":false,"sceneViewState":{"showFog":true,"showMaterialUpdate":false,"showSkybox":true,"showFlares":true,"showImageEffects":true,"showParticleSystems":true},"in2DMode":false,"pivot":{"x":-7.509311199188232,"y":-0.9033584594726563,"z":38.1986083984375},"rotation":{"x":-0.18279655277729035,"y":0.6166701316833496,"z":-0.15013162791728974,"w":-0.750842273235321},"size":23.04460906982422,"orthographic":false}